{"cameraMode":{"drawMode":0,"name":"Shaded","section":"Shading Mode"},"sceneLighting":false,"audioPlay":false,"sceneViewState":{"m_AlwaysRefresh":false,"showFog":true,"showSkybox":false,"showFlares":true,"showImageEffects":true,"showParticleSystems":true,"showVisualEffectGraphs":true,"m_FxEnabled":true},"in2DMode":false,"pivot":{"x":-3.4587924480438234,"y":1.6410000324249268,"z":-1.0085902214050294},"rotation":{"x":-0.3921111524105072,"y":0.3051975667476654,"z":-0.13968273997306825,"w":-0.8565112352371216},"size":0.15046344697475434,"orthographic":false}