{"cameraMode":{"drawMode":0,"name":"Shaded","section":"Shading Mode"},"sceneLighting":false,"audioPlay":false,"sceneViewState":{"m_AlwaysRefresh":false,"showFog":true,"showSkybox":false,"showFlares":true,"showImageEffects":true,"showParticleSystems":true,"showVisualEffectGraphs":true,"m_FxEnabled":true},"in2DMode":false,"pivot":{"x":0.2657574415206909,"y":0.04960817098617554,"z":-1.0886982679367066},"rotation":{"x":0.22739173471927644,"y":-0.12377320230007172,"z":0.029153741896152498,"w":0.9654666185379028},"size":0.3545774221420288,"orthographic":false}