{"cameraMode":{"drawMode":0,"name":"Shaded","section":"Shading Mode"},"sceneLighting":true,"audioPlay":false,"sceneViewState":{"m_AlwaysRefresh":false,"showFog":true,"showSkybox":true,"showFlares":true,"showImageEffects":true,"showParticleSystems":true,"showVisualEffectGraphs":true,"m_FxEnabled":true},"in2DMode":false,"pivot":{"x":1.9767603874206544,"y":6.811311721801758,"z":-10.241758346557618},"rotation":{"x":0.3686422109603882,"y":-0.09180621802806854,"z":0.036615803837776187,"w":0.924302339553833},"size":0.8660253882408142,"orthographic":false}