{"cameraMode":{"drawMode":0,"name":"Shaded","section":"Shading Mode"},"sceneLighting":false,"audioPlay":false,"sceneViewState":{"m_AlwaysRefresh":false,"showFog":true,"showSkybox":false,"showFlares":true,"showImageEffects":true,"showParticleSystems":true,"showVisualEffectGraphs":true,"m_FxEnabled":true},"in2DMode":false,"pivot":{"x":0.6794299483299255,"y":0.48691871762275698,"z":-2.8855271339416506},"rotation":{"x":0.1437108814716339,"y":-0.33423492312431338,"z":0.05164877697825432,"w":0.930036723613739},"size":0.3545774221420288,"orthographic":false}